{
  "samples": [
    [
      215479120971.11926,
      0.009877756879504105,
      -928.2804160177235
    ],
    [
      213947360581.1873,
      0.009188354695775298,
      -904.8755296726488
    ],
    [
      215222794039.80707,
      0.010572128610553906,
      -1074.3772734648908
    ],
    [
      209007718757.91135,
      0.009741596048465162,
      -914.6470022302797
    ],
    [
      212877302401.61328,
      0.01064552322654166,
      -1011.3171602345337
    ],
    [
      204544774435.69553,
      0.010109169574031669,
      -1087.2365487791649
    ],
    [
      216552623439.85165,
      0.01026332879824413,
      -948.3824519829252
    ],
    [
      207090519362.59738,
      0.010941396048789806,
      -921.3757757355604
    ],
    [
      215567669941.47525,
      0.009389277415703935,
      -1006.6557992545931
    ],
    [
      200876075315.74457,
      0.009308578984135094,
      -963.390209351509
    ],
    [
      214895243118.15634,
      0.010935019464868419,
      -1034.8349283723696
    ],
    [
      207409194120.6974,
      0.009939111622551615,
      -1062.105728183143
    ],
    [
      202598430106.70944,
      0.009951409852451867,
      -1054.6181301898232
    ],
    [
      213396279893.6502,
      0.009874303837744661,
      -933.4643607884325
    ],
    [
      214005302040.04498,
      0.009624733282764081,
      -933.5480397209598
    ],
    [
      216095287149.93604,
      0.009774956758060348,
      -1042.3343792139513
    ],
    [
      213649910079.4995,
      0.009279504967218619,
      -1060.0183595049784
    ],
    [
      200147245395.0201,
      0.010573848755004276,
      -967.0298286815936
    ],
    [
      214103307572.5267,
      0.010561458062043935,
      -1008.216844892332
    ],
    [
      211374823919.05786,
      0.009279593996255314,
      -1077.0939852928052
    ]
  ],
  "n_samples": 20,
  "n_vars": 3,
  "variable_names": [
    "E",
    "A",
    "F_y"
  ],
  "sampling_method": "random",
  "seed": 42,
  "created": "2025-11-12T14:12:19.978240",
  "bounds": {
    "lower": [
      200000000000.0,
      0.009,
      -1100.0
    ],
    "upper": [
      220000000000.0,
      0.011,
      -900.0
    ]
  }
}